HEAD,IP,PORT
HTTP,122.114.31.177,808
HTTP,61.135.217.7,80
HTTPS,219.138.58.147,3128
HTTPS,219.232.165.36,8080
HTTPS,139.199.170.73,80
HTTPS,121.31.103.149,8123
HTTP,110.96.176.224,8118
HTTP,113.56.91.72,80
HTTP,49.115.205.154,8118
HTTP,125.79.48.47,808
HTTP,183.157.186.252,8118
HTTPS,27.211.126.232,8118
HTTPS,219.138.58.179,3128
HTTPS,219.138.58.181,3128
HTTP,121.31.156.102,8123
HTTPS,58.222.20.32,808
HTTP,42.176.45.184,80
HTTP,101.65.128.72,8118
HTTPS,114.252.162.160,8118
HTTPS,110.73.42.65,8123
HTTPS,123.206.55.132,8118
HTTP,110.172.220.194,8080
HTTPS,27.10.119.88,8118
HTTP,117.31.26.209,808
HTTPS,115.230.181.91,8118
HTTP,39.88.36.115,8118
HTTPS,221.233.85.115,3128
HTTPS,42.49.119.109,8118
HTTPS,117.36.103.170,8118
HTTPS,115.55.159.119,8118
HTTPS,180.158.150.133,8118
HTTP,223.241.116.168,8010
HTTPS,61.143.22.75,808
HTTP,42.243.143.97,8118
HTTPS,114.221.137.117,8888
HTTPS,110.73.55.245,8123
HTTP,180.118.242.157,61234
HTTPS,116.231.33.9,8118
HTTP,125.120.40.58,8118
HTTP,27.193.4.54,8118
HTTP,117.68.195.234,808
HTTPS,171.35.103.37,808
HTTP,27.40.141.55,61234
HTTP,122.225.17.123,8080
HTTP,115.205.229.92,808
HTTPS,221.200.123.108,80
HTTP,218.71.239.198,80
HTTP,27.194.82.159,8118
HTTPS,125.211.117.6,8118
HTTP,175.174.122.234,80
HTTPS,139.199.0.118,80
HTTPS,122.7.45.229,808
HTTPS,219.138.58.178,3128
HTTP,180.212.140.131,8118
HTTPS,116.248.162.15,80
HTTP,219.138.58.71,3128
HTTP,122.235.235.195,8118
HTTPS,221.4.133.67,53281
HTTPS,106.112.164.47,808
HTTP,61.135.155.82,443
HTTPS,219.149.46.151,3129
HTTPS,218.2.70.124,808
HTTP,219.159.66.222,808
HTTPS,114.246.234.195,8118
HTTP,125.121.130.107,808
HTTPS,219.138.58.92,3128
HTTPS,121.236.181.43,8118
HTTPS,221.202.248.52,80
HTTPS,175.162.70.130,53281
HTTP,115.225.118.250,8118
HTTPS,101.249.52.160,80
HTTPS,219.138.58.54,3128
HTTP,114.112.43.139,80
HTTPS,58.20.79.113,8118
HTTPS,27.213.255.145,8118
HTTPS,49.84.115.34,8118
HTTPS,180.155.133.135,29332
HTTPS,27.157.162.152,8118
HTTP,219.155.10.30,8118
HTTPS,118.254.142.42,53281
HTTP,123.11.221.99,8118
HTTP,180.212.140.226,8118
HTTPS,61.156.92.57,8118
HTTPS,123.118.2.20,8118
HTTPS,125.40.47.18,80
HTTP,113.251.218.11,8118
HTTPS,122.237.76.235,8118
HTTPS,106.56.102.156,808
HTTP,111.155.124.69,8123
HTTP,116.226.61.234,8118
HTTPS,49.71.16.60,8118
HTTPS,118.75.176.127,80
HTTP,110.72.38.65,8123
HTTPS,180.121.129.178,808
HTTPS,182.88.128.209,8123
HTTPS,112.114.97.39,8118
HTTPS,112.114.99.136,8118
HTTPS,182.86.146.137,8118
HTTPS,121.31.148.176,8123
HTTPS,223.241.79.50,8010
HEAD,IP,PORT
HTTP,61.135.217.7,80
HTTP,122.114.31.177,808
HTTPS,119.190.216.247,8118
HTTP,111.155.116.211,8123
HTTP,139.224.135.94,80
HTTPS,49.71.81.173,3128
HTTP,49.71.81.131,3128
HTTP,116.22.53.147,8118
HTTPS,115.226.134.69,30197
HTTPS,117.62.113.57,45994
HTTPS,113.121.240.206,45818
HTTPS,110.209.250.202,8118
HTTPS,171.39.40.194,8123
HTTP,111.155.116.208,8123
HTTPS,222.182.53.151,8118
HTTP,110.73.53.65,8123
HTTPS,116.231.60.140,8118
HTTP,111.155.116.217,8123
HTTP,111.155.116.237,8123
HTTP,171.39.40.152,8123
HTTP,111.155.116.196,8123
HTTPS,111.155.116.232,8123
HTTP,58.216.202.149,8118
HTTP,115.46.78.9,8123
HTTPS,123.168.133.183,8118
HTTP,121.237.137.172,3128
HTTPS,111.155.116.227,8123
HTTP,111.155.116.216,8123
HTTP,121.31.154.146,8123
HTTP,110.73.32.142,8123
HTTP,111.155.116.226,8123
HTTP,111.155.116.247,8123
HTTP,115.46.65.122,8123
HTTP,112.124.39.77,123
HTTP,110.73.52.86,8123
HTTPS,117.66.134.233,8118
HTTPS,222.85.50.38,808
HTTPS,110.72.23.231,8123
HTTPS,125.40.47.18,80
HTTPS,60.167.135.11,45515
HTTPS,113.128.30.107,31770
HTTP,110.73.53.123,8123
HTTPS,114.214.162.136,8118
HTTPS,123.54.236.215,34974
HTTP,111.155.116.236,8123
HTTPS,111.74.233.78,22463
HTTP,110.88.31.5,39451
HTTPS,139.208.198.168,8118
HTTP,111.155.116.215,8123
HTTP,111.155.116.225,8123
HTTP,111.155.116.207,8123
HTTP,124.134.31.118,8118
HTTPS,180.156.94.7,8118
HTTPS,118.180.42.196,8118
HTTPS,113.105.203.163,3128
HTTP,121.31.103.198,8123
HTTP,110.72.35.95,8123
HTTPS,121.31.177.187,8123
HTTP,180.119.65.55,3128
HTTPS,110.73.3.226,8123
HTTPS,60.184.117.241,26092
HTTPS,49.79.70.112,8118
HTTPS,49.89.86.107,37084
HTTP,110.189.207.60,30392
HTTP,112.64.76.70,8118
HTTP,61.143.19.17,20772
HTTPS,221.229.18.85,3128
HTTPS,117.62.113.64,25190
HTTPS,27.40.143.81,61234
HTTP,110.73.3.117,8123
HTTP,121.31.145.100,8123
HTTP,183.51.122.45,80
HTTP,180.119.65.115,3128
HTTPS,115.46.101.237,8123
HTTP,139.208.195.96,8118
HTTP,221.8.170.46,8118
HTTP,110.73.4.255,8123
HTTPS,110.73.31.135,8123
HTTP,171.39.39.197,8123
HTTP,115.46.65.157,8123
HTTPS,27.40.145.115,61234
HTTPS,222.94.196.68,3128
HTTPS,182.42.244.58,808
HTTPS,118.254.144.45,3128
HTTPS,116.225.67.211,8118
HTTP,110.72.28.1,8123
HTTP,111.155.116.200,8123
HTTPS,110.72.25.107,8123
HTTP,121.31.147.115,8123
HTTP,110.73.5.75,8123
HTTP,118.114.77.47,8080
HTTP,110.73.43.219,8123
HTTPS,118.254.145.140,3128
HTTP,125.45.114.107,8118
HTTPS,124.79.45.197,8118
HTTP,111.155.124.73,8123
HTTPS,115.46.79.186,8123
HTTP,110.73.29.196,8123
HTTPS,106.46.2.144,31476
HTTP,115.46.76.201,8123
